pid,bi_date,primary_invited,primary_attended,primary_attended_date,country
7394266,1978-03-20,False,True,2024-12-07,Liechtenstein
1960426,1970-03-03,False,True,2020-06-09,Lituania
125686,1989-01-27,True,False,2018-01-01,Moldova (the Republic of)
1520747,1999-12-30,True,False,2020-12-06,Monaco
9768157,1982-12-29,False,True,2021-12-10,Serbia
585963,1961-03-22,True,True,2019-07-16,Portugal
1408249,1983-09-27,True,True,2015-06-03,Croatia
1651247,1976-04-22,True,False,2024-11-07,Germany
5949798,1997-12-22,False,False,2021-06-13,France
3973008,1977-04-30,False,True,2015-01-31,Estonia
292394,1999-07-21,False,True,2022-05-21,Austria
516973,1995-12-12,False,False,2020-02-06,North Macedonia
265758,1960-08-04,True,True,2014-09-28,Netherlands
5806409,1984-09-22,True,True,2018-02-02,Montenegro
8124298,1969-10-04,True,False,2014-07-05,Liechtenstein
7777044,1967-08-08,True,False,2023-04-15,Czechia
2492333,1983-11-09,False,False,2016-01-09,Slovenia
1531545,1996-04-13,False,False,2021-01-10,France
3071751,1991-12-25,False,True,2022-02-22,Lituania
1919531,1960-01-23,True,False,2019-05-23,Italy
245262,1985-07-20,True,False,2022-08-28,Bosnia and Herzegovina
8440343,1989-01-11,False,True,2020-04-21,Finland
8166335,1972-11-10,False,True,2018-10-20,Austria
4191419,1996-12-12,False,True,2020-03-04,Albania
1083175,1999-01-30,True,False,2020-03-18,Austria
9077953,1962-04-20,False,False,2022-12-04,Netherlands
7816480,1963-10-08,False,True,2017-02-15,Denmark
1150401,1977-07-14,True,False,2023-03-14,UK
1491978,1960-04-18,True,False,2018-04-01,Slovakia
8641020,1975-07-14,False,False,2016-03-05,Albania
9714053,1975-04-12,False,True,2014-10-25,Denmark
771170,1992-09-12,False,False,2019-09-05,Latvia
4522894,1989-11-15,False,False,2021-07-31,Ukraine
9335389,1989-02-08,False,False,2020-09-11,Czechia
1058267,1986-02-24,False,False,2022-11-18,Lituania
5073917,1992-09-18,False,False,2016-12-26,Andorra
8070451,1972-11-03,True,True,2016-08-05,Slovakia
5959923,1961-07-10,True,False,2022-11-05,Ukraine
4470360,1976-02-23,False,True,2021-08-31,Cyprus
4180078,1975-10-13,True,False,2015-10-08,Montenegro
3355983,1986-02-24,True,False,2020-07-26,Finland
7606588,1977-03-24,False,True,2015-03-03,Serbia
8894629,1998-10-02,True,False,2018-10-28,Monaco
323792,1986-07-20,True,False,2014-09-09,Croatia
8524535,1979-12-16,False,False,2023-05-01,Ireland
1184275,1973-11-17,False,False,2020-11-16,Estonia
96976,1979-09-29,True,False,2024-02-08,Liechtenstein
5595370,1997-12-15,True,True,2024-09-16,Czechia
2412033,1982-07-02,True,False,2022-01-21,Greece
7932719,1972-05-26,True,True,2023-05-08,Norway
6330839,1998-06-14,False,False,2016-04-24,Andorra
2803681,1982-03-18,False,False,2018-08-09,Germany
908909,1978-12-27,False,True,2015-02-19,Romania
1278993,1994-04-14,False,True,2014-09-30,Montenegro
9857092,1970-01-02,False,True,2023-03-06,Greece
8331257,1973-09-26,True,True,2023-03-06,Netherlands
2751517,1978-03-08,False,True,2020-05-18,Hungary
1263688,1998-10-31,False,True,2024-09-21,France
9350449,1964-12-07,False,True,2021-05-09,Portugal
3608685,1998-05-10,False,True,2014-03-08,Cyprus
2420041,1994-08-19,False,True,2015-10-13,Monaco
455143,1970-03-30,True,False,2024-04-09,Bulgaria
5808789,1994-01-24,True,False,2023-09-02,Croatia
1860407,1996-03-29,False,True,2021-05-14,Hungary
8886609,1995-04-04,False,False,2019-01-01,Netherlands
2369408,1977-09-02,False,True,2018-11-23,Norway
5123639,1982-09-28,True,True,2016-11-05,Spain
7619233,1970-01-05,True,True,2015-11-23,France
664203,1962-08-28,False,False,2014-01-20,Austria
6983529,1982-09-20,False,False,2023-03-06,Norway
4643659,1993-04-16,False,True,2015-04-08,Czechia
674523,1978-08-12,True,False,2018-07-16,Portugal
2975322,1972-03-22,True,True,2023-08-20,Norway
4557884,1980-10-05,True,True,2021-06-17,Ireland
2593262,1963-02-23,True,True,2016-12-20,Iceland
5037741,1981-02-11,False,True,2020-05-22,Iceland
2592942,1969-02-18,True,True,2021-01-18,Sweden
7793050,1967-07-23,True,True,2021-06-16,Cyprus
688919,1962-12-08,False,False,2022-10-09,Hungary
9447353,1992-03-26,False,True,2020-09-19,Estonia
6479084,1990-08-01,True,False,2019-08-07,Bosnia and Herzegovina
5865185,1988-05-27,True,False,2020-04-19,Andorra
8319095,1994-01-18,True,True,2020-07-18,Albania
5732905,1991-12-20,False,True,2023-07-28,Denmark
9778781,1987-11-03,False,False,2021-04-04,Denmark
7853736,1967-01-24,False,True,2016-09-17,France
7984862,1993-03-23,False,False,2023-09-10,Rusia
760499,1999-06-22,False,True,2015-12-24,Ukraine
7899386,1995-02-11,True,True,2023-02-10,Serbia
9981037,1990-04-24,True,False,2015-03-16,UK
2851646,1985-09-01,False,True,2016-08-08,UK
7375203,1973-04-19,True,False,2021-09-30,Switzerland
8710942,1970-06-08,False,True,2016-09-03,Bulgaria
7346273,1980-01-26,False,False,2022-09-03,Bosnia and Herzegovina
4960669,1985-09-10,True,True,2017-08-07,Ukraine
4614422,1960-09-01,True,True,2024-03-19,Germany
2078305,1978-02-11,True,True,2014-01-30,Latvia
3114218,1960-09-10,False,False,2014-05-20,Malta
6984770,1960-02-12,False,False,2020-01-08,Slovakia
7315869,1963-07-24,True,False,2019-12-10,Liechtenstein
2004330,1995-09-15,True,False,2021-08-15,Belgium
8888554,1966-05-15,True,True,2023-03-18,Latvia
1729613,1980-04-25,True,True,2014-12-24,Romania
8140324,1976-08-04,False,False,2016-07-25,Belgium
6321985,1983-07-09,True,False,2014-12-02,Spain
4286147,1992-07-16,True,False,2014-04-16,Bulgaria
3211379,1965-07-18,False,False,2023-03-18,Greece
5793993,1979-03-14,False,True,2024-11-09,Lituania
1814585,1961-11-16,False,False,2021-04-25,Austria
2636868,1998-11-12,True,False,2020-03-05,Luxembourg
9737734,1962-02-27,True,True,2023-01-19,Rusia
4518613,1967-01-09,True,True,2021-02-06,Austria
2597893,1977-09-13,False,False,2024-11-04,Montenegro
5427255,1977-11-27,False,False,2021-12-28,Bulgaria
7493890,1963-08-23,False,True,2021-05-30,North Macedonia
1187388,1986-06-02,False,False,2024-12-07,France
1316878,1975-01-13,False,True,2015-10-03,Montenegro
6631078,1996-10-19,False,False,2017-11-11,Belgium
3592840,1970-07-14,False,False,2014-07-23,Serbia
800865,1962-01-02,False,True,2017-09-08,Malta
4800523,1998-05-21,False,False,2022-01-13,Iceland
637443,1960-05-30,False,True,2023-02-05,Belgium
3680780,1980-06-19,False,False,2017-08-14,Romania
8501264,1971-08-17,True,True,2017-07-13,Ukraine
1470821,1994-11-18,True,True,2022-07-28,Albania
5318143,1965-03-25,True,True,2022-01-19,Czechia
5127529,1969-08-07,False,True,2023-12-01,Latvia
7731514,1987-04-06,False,True,2014-02-11,Andorra
1111114,1980-10-05,True,False,2023-06-17,Moldova (the Republic of)
9814330,1972-04-23,True,False,2016-01-25,Denmark
4318940,1968-12-04,False,False,2020-01-21,Andorra
1224730,1977-04-17,False,False,2016-05-18,Ireland
7152198,1980-09-11,False,True,2024-06-28,Serbia
3387265,1997-04-25,False,False,2015-01-10,Belgium
1699408,1975-05-13,True,True,2021-10-17,Netherlands
6654626,1963-11-04,False,False,2016-07-29,Hungary
3264881,1996-05-30,True,True,2014-07-18,Ireland
7710316,1992-04-01,True,False,2024-05-29,Finland
8397295,1988-01-18,False,False,2018-08-07,Iceland
3964919,1961-06-30,True,False,2024-11-20,Finland
6060844,1982-09-23,False,False,2017-04-03,Serbia
3440677,1974-11-18,True,True,2023-03-22,Malta
8640839,1969-01-21,True,False,2019-12-20,Slovenia
7066121,1995-10-30,False,True,2015-08-14,Germany
2930810,1989-11-01,False,True,2016-03-18,Denmark
9806480,1992-03-04,False,False,2014-01-18,Luxembourg
3410134,1966-10-13,True,False,2022-11-23,Switzerland
5062978,1964-07-13,True,False,2023-12-29,Czechia
1011847,1997-04-26,True,True,2015-06-21,Switzerland
5913730,1987-05-10,True,True,2021-05-20,Latvia
8964750,1959-07-29,True,False,2019-03-12,Netherlands
2567928,1971-05-15,False,True,2020-08-31,Cyprus
8381684,1980-06-04,True,False,2020-02-29,Hungary
9211206,1964-05-01,True,False,2014-10-17,Romania
7926160,1982-04-22,True,True,2021-08-21,France
5599530,1971-02-14,False,False,2022-01-12,Rusia
2327484,1971-12-07,True,True,2019-02-26,Germany
2196688,1977-06-06,True,False,2020-08-09,Poland
806522,1968-10-02,True,True,2019-04-07,Portugal
2769579,1990-03-10,True,False,2022-11-29,Croatia
2431497,1981-05-08,False,False,2016-05-15,Greece
9161444,1976-11-07,True,True,2015-05-04,Latvia
1170207,1964-06-28,True,True,2017-11-29,Czechia
5457380,1972-01-14,False,True,2022-11-29,Norway
2869301,1964-09-04,False,True,2020-01-20,France
28628,1992-01-06,True,True,2024-08-29,Belgium
1020468,1972-07-26,False,False,2024-09-24,Slovakia
1470027,1966-02-19,True,False,2024-02-04,Hungary
2487623,1967-07-31,True,True,2015-03-05,Greece
3641221,1969-08-25,True,False,2024-07-20,Serbia
669600,1973-10-16,False,False,2014-05-11,Andorra
7260715,1992-01-09,True,True,2019-03-17,Latvia
6567292,1985-02-18,False,False,2017-09-27,Austria
5442713,1970-08-29,False,True,2015-04-26,Greece
3474880,1999-02-24,False,True,2018-08-20,Slovakia
6395492,1980-11-20,True,True,2016-03-06,Estonia
4698419,1962-04-22,True,False,2024-04-08,Luxembourg
9017547,1975-03-20,True,True,2018-03-02,Latvia
5109236,1975-04-19,False,True,2021-09-22,Czechia
7080603,1968-03-26,False,False,2023-02-26,Portugal
5351151,1993-06-04,False,True,2019-06-29,Hungary
9693024,1973-09-15,True,True,2021-08-02,Norway
2540352,1969-06-25,False,True,2024-12-03,Lituania
8936211,1964-07-31,False,False,2019-05-03,UK
1558080,1964-08-10,False,True,2022-06-12,Spain
4367373,1998-08-01,True,True,2017-06-11,France
4664407,1994-03-27,False,False,2014-06-09,Poland
6882987,1977-09-25,False,False,2023-07-01,Norway
6712008,1976-11-09,True,True,2014-04-28,Finland
9478169,1975-02-17,True,False,2022-11-08,Finland
4642969,1975-01-24,False,True,2019-03-26,Serbia
8821468,1961-11-11,False,True,2014-04-25,Romania
1908222,1971-08-12,False,False,2015-05-06,Poland
6297302,1983-09-22,False,False,2021-01-21,Croatia
4600748,1961-03-28,False,True,2022-01-29,Greece
3588408,1960-11-20,False,False,2016-01-21,Montenegro
4990314,1987-08-18,True,True,2018-08-19,Bulgaria
9856774,1961-10-15,False,False,2019-11-30,Slovakia
6683010,1988-06-05,False,False,2023-04-19,Monaco
880786,1968-06-09,False,False,2018-03-25,Germany
5864070,1966-08-21,True,True,2022-01-24,Lituania
7391287,1987-07-21,False,True,2016-08-22,Albania
3900653,1962-02-19,False,False,2023-04-07,Belgium
8229247,1989-10-20,True,True,2015-11-27,Rusia
2773621,1989-11-22,False,True,2014-09-25,Andorra
6384429,1982-12-02,True,True,2019-07-11,Rusia
5165992,1974-01-14,False,False,2014-03-13,Serbia
41076,1964-09-29,False,True,2016-06-23,Moldova (the Republic of)
1230211,1977-04-20,True,True,2021-04-19,Rusia
8056534,1963-01-13,True,False,2020-06-18,Serbia
6626844,1990-06-06,False,True,2019-03-12,Austria
5006674,1977-02-02,True,True,2023-04-02,Estonia
7195921,1978-07-23,False,False,2022-03-20,Slovakia
8046149,1977-04-24,True,True,2019-03-15,Andorra
3113501,1980-03-18,True,False,2014-03-30,Bulgaria
6719474,1964-09-09,True,True,2018-06-21,Latvia
8018871,1980-06-11,True,True,2022-06-11,Hungary
2637218,1998-12-05,False,False,2017-02-24,Malta
4718766,1991-11-16,False,False,2020-03-31,Iceland
9923768,1967-06-18,False,True,2014-06-01,Finland
6199608,1998-01-16,True,True,2020-09-07,Andorra
5813001,1979-07-11,True,False,2020-01-26,Rusia
3457247,1968-09-07,True,True,2021-01-30,Bosnia and Herzegovina
2835041,1995-04-16,True,True,2015-02-20,Greece
8705098,1964-03-26,False,False,2022-01-02,France
9529867,1973-08-01,False,True,2024-03-29,Slovakia
7674191,1959-01-23,False,False,2022-07-12,Czechia
7959565,1994-02-09,True,True,2016-12-18,Spain
474701,1960-11-12,False,False,2014-06-22,Andorra
7849929,1965-02-04,True,True,2016-07-23,Albania
1739978,1992-11-13,False,False,2020-03-20,Denmark
451500,1996-10-10,False,True,2021-07-12,France
6151093,1990-02-16,False,True,2021-11-07,Luxembourg
7982854,1967-10-17,False,True,2020-11-14,Germany
1093752,1990-01-14,True,False,2020-05-03,Italy
2349106,1971-10-19,True,False,2019-12-14,Estonia
9865296,1972-11-13,False,False,2021-11-04,Croatia
5566335,1985-02-09,False,True,2020-01-01,Ukraine
5853346,1975-01-27,False,True,2024-01-29,Italy
4859564,1961-09-04,False,False,2024-08-04,Malta
5010003,1970-04-04,False,True,2016-12-22,North Macedonia
9782259,1984-08-28,False,True,2020-06-10,Bosnia and Herzegovina
5546325,1995-09-20,True,True,2021-10-04,Finland
9443093,1974-12-13,True,False,2020-09-21,Serbia
4928832,1964-05-19,False,True,2017-09-04,Germany
9437689,1960-04-20,False,False,2022-02-14,Romania
3264281,1993-03-10,False,True,2016-09-14,Monaco
8542311,1980-11-03,False,False,2016-06-09,North Macedonia
4681424,1960-07-05,False,False,2021-06-10,Spain
1216088,1965-03-29,True,False,2022-07-03,Hungary
8959598,1976-07-11,True,False,2024-04-08,Greece
3422569,1985-06-08,False,False,2021-03-09,Montenegro
5698117,1980-06-02,False,True,2021-03-22,Monaco
8560936,1995-11-25,True,False,2023-10-02,North Macedonia
5607530,1982-09-25,False,True,2022-04-22,Serbia
5386512,1993-06-16,False,True,2014-06-01,Austria
7684475,1993-01-02,False,False,2014-07-08,Liechtenstein
4487969,1983-03-07,False,True,2016-11-04,Greece
1425330,1976-11-18,False,True,2014-02-12,Poland
8846139,1971-05-08,False,False,2018-10-27,Cyprus
9885634,1971-10-29,False,False,2016-10-20,Bosnia and Herzegovina
9773282,1984-02-07,True,True,2023-11-19,Croatia
9198025,1989-01-18,True,False,2015-09-22,Ireland
2006832,1988-09-15,False,True,2024-07-02,Slovenia
4114662,1966-04-23,True,True,2021-09-05,Liechtenstein
4314271,1981-12-10,False,True,2019-04-01,Netherlands
6239005,1973-09-04,True,True,2020-12-15,Croatia
2299876,1977-05-08,True,False,2018-03-26,North Macedonia
476121,1997-12-11,False,True,2022-06-27,Poland
6619310,1999-11-08,False,True,2018-06-29,UK
626695,1980-06-22,True,False,2024-11-04,Monaco
739455,1996-09-21,False,True,2014-11-15,Greece
3501566,1977-05-06,True,False,2022-03-09,Finland
2597267,1983-11-24,True,True,2020-02-23,Andorra
5251413,1990-05-04,True,True,2017-07-24,Cyprus
8651213,1969-02-26,False,False,2024-07-16,Slovenia
5963089,1963-10-28,False,True,2022-03-13,Montenegro
7290629,1980-06-27,False,True,2020-04-15,Malta
8645034,1967-10-12,False,True,2014-12-13,Ireland
1157574,1999-09-22,False,False,2024-07-09,Iceland
5119760,1983-08-15,False,False,2024-10-10,Lituania
4385982,1986-02-11,False,True,2019-03-19,Finland
8146504,1969-10-27,True,False,2022-07-23,Denmark
9727669,1963-08-08,True,True,2015-04-17,France
3684261,1992-08-17,False,False,2019-10-10,Portugal
5834229,1997-05-04,False,False,2021-03-21,Montenegro
8462029,1974-04-02,False,True,2015-01-21,Moldova (the Republic of)
1390369,1963-01-16,False,True,2023-11-19,UK
304630,1995-07-15,False,True,2022-07-16,Ukraine
9815501,1974-04-01,False,True,2019-12-14,Greece
5554791,1971-06-12,False,True,2024-03-20,Liechtenstein
9465366,1989-04-02,False,True,2018-01-15,Andorra
3852151,1977-03-29,False,True,2016-12-04,Greece
2726872,1963-09-06,False,False,2017-09-27,Ireland
8019196,1970-10-13,False,False,2015-01-29,Serbia
8378810,1985-03-29,True,False,2017-03-06,Albania
2347781,1984-05-25,True,False,2023-06-13,Andorra
8930743,1979-06-26,False,False,2015-04-07,Slovenia
1144780,1990-02-17,True,True,2019-02-10,Belgium
2441620,1997-05-07,False,True,2016-09-12,Luxembourg
8915356,1997-08-01,True,False,2016-09-01,Andorra
4081657,1994-02-18,True,False,2020-09-16,Lituania
2755659,1961-03-15,True,False,2015-11-21,Bulgaria
8496512,1987-09-16,True,True,2015-05-22,Slovenia
8472554,1993-08-07,False,True,2014-11-22,Ukraine
6596027,1997-11-11,True,False,2022-04-24,Romania
5477814,1960-09-05,False,True,2020-07-18,Poland
2162952,1993-09-08,False,False,2019-10-29,Portugal
9424138,1988-09-21,True,True,2016-08-26,Belgium
9498769,1985-02-01,True,True,2024-05-10,Netherlands
8977173,1994-01-29,False,False,2021-02-11,North Macedonia
7488305,1968-04-06,True,False,2020-12-18,Belgium
685960,1995-05-21,False,False,2020-01-25,Romania
6236153,1987-11-04,True,True,2017-01-19,Latvia
1152387,1991-05-14,True,False,2016-03-15,Portugal
6192557,1979-06-19,True,True,2022-04-29,Rusia
6851717,1995-03-03,True,False,2015-01-30,Czechia
748704,1983-03-09,False,False,2024-05-19,Albania
1189539,1963-12-15,True,False,2015-04-21,Austria
5270695,1967-08-29,False,False,2019-02-15,Estonia
3823913,1973-02-09,False,False,2021-10-20,Montenegro
3325082,1976-07-28,False,True,2021-05-07,Belgium
5808042,1960-04-22,True,False,2019-12-30,Serbia
8745290,1981-03-18,True,False,2018-04-16,Serbia
6371764,1989-09-23,True,False,2015-11-03,Spain
9894921,1990-12-22,False,True,2019-09-08,Cyprus
8267575,1974-02-22,False,True,2020-12-11,Belgium
879924,1975-05-01,False,True,2018-03-12,Poland
500615,1993-11-08,True,True,2015-07-04,Denmark
7517461,1972-01-30,True,True,2023-07-08,Slovenia
1345162,1966-06-18,True,True,2019-05-22,Andorra
4918476,1976-03-29,True,True,2023-07-08,Spain
7153753,1959-08-12,False,True,2022-10-13,UK
5709368,1978-07-19,True,True,2014-04-12,Ireland
2481249,1980-03-15,False,True,2020-07-06,Malta
8156278,1982-08-06,False,True,2024-12-24,Switzerland
4060566,1973-01-13,False,True,2024-03-24,Luxembourg
499984,1997-12-25,False,True,2016-09-07,Luxembourg
5982901,1985-09-16,True,True,2020-12-26,Spain
9922623,1981-03-23,True,True,2018-07-25,Austria
6231251,1973-11-08,False,False,2017-09-04,Moldova (the Republic of)
6962561,1988-09-09,False,False,2015-03-02,Hungary
2920064,1966-07-11,False,False,2022-12-05,Malta
1252660,1990-08-27,True,True,2019-07-19,Iceland
298779,1997-07-30,True,True,2021-01-09,Switzerland
3561311,1987-04-09,True,True,2021-01-04,Portugal
3295875,1965-08-06,True,True,2017-09-21,Iceland
9186817,1987-09-01,True,False,2017-06-01,Belgium
2373223,1998-05-27,False,True,2022-03-05,Norway
8419739,1995-03-22,False,False,2015-11-27,North Macedonia
2222988,1997-06-02,True,True,2020-12-04,Austria
4273637,1992-10-07,True,True,2015-11-05,Latvia
830628,1973-02-02,False,True,2021-09-01,North Macedonia
7852537,1983-04-10,True,True,2015-05-05,Germany
6065805,1980-09-30,False,True,2019-11-20,Portugal
6237639,1963-04-21,False,True,2020-04-19,Rusia
4838666,1996-07-08,False,False,2019-07-13,Netherlands
6654753,1979-03-13,False,False,2016-01-21,Finland
6848475,1985-01-22,True,True,2017-04-23,Bosnia and Herzegovina
6171824,1992-08-28,False,False,2023-12-09,Albania
3928722,1976-05-28,False,True,2023-11-22,Croatia
4786040,1991-05-05,True,False,2019-02-01,Belgium
146718,1961-07-01,True,True,2015-01-02,Switzerland
5247063,1975-11-13,True,False,2023-11-05,Austria
9781734,1999-04-03,False,False,2022-05-07,Belgium
4462722,1998-12-23,True,True,2021-11-12,Portugal
2021210,1993-04-29,True,False,2016-06-01,Slovakia
9130555,1975-12-23,True,False,2022-12-30,Serbia
594020,1987-09-14,True,False,2020-12-29,UK
3666822,1997-09-16,False,True,2018-06-14,Ukraine
8958843,1986-01-19,False,True,2018-09-09,Greece
9581278,1983-09-20,True,True,2024-07-15,Monaco
9958372,1972-06-28,True,True,2019-04-28,Bosnia and Herzegovina
6197614,1980-09-11,False,True,2023-09-26,France
9012659,1963-07-30,False,True,2020-02-16,Slovenia
3085314,1966-08-02,True,False,2022-06-02,Norway
5406236,1991-12-13,False,False,2017-10-12,Latvia
4914456,1970-10-02,False,True,2021-12-20,Finland
6087699,1990-11-07,False,False,2021-03-29,Monaco
4578479,1993-09-14,False,False,2017-03-28,Czechia
2958065,1987-09-05,False,True,2023-09-15,Ukraine
7664971,1991-11-05,True,True,2023-05-18,Romania
2838766,1988-08-07,False,True,2017-02-12,Monaco
54189,1994-03-29,False,True,2014-09-29,Malta
9119394,1962-02-25,False,False,2016-02-10,Serbia
6855337,1970-03-25,True,True,2017-07-29,Moldova (the Republic of)
4010222,1997-11-25,False,False,2019-01-06,Slovakia
3216552,1965-11-25,False,True,2015-08-29,Switzerland
7444629,1979-07-01,False,False,2024-12-01,Portugal
4586945,1994-06-13,False,False,2020-07-15,Germany
2923373,1985-03-29,False,True,2021-04-24,Greece
5936828,1966-01-21,False,False,2021-12-25,Netherlands
9837456,1961-01-18,True,False,2022-06-17,Portugal
6868787,1999-07-01,True,True,2020-07-10,Estonia
8893953,1985-06-30,False,True,2020-07-08,Bulgaria
8156426,1974-08-15,True,True,2014-06-17,Latvia
9851704,1985-09-27,False,True,2023-03-19,Poland
8071630,1961-07-17,True,True,2022-01-17,Andorra
8056339,1984-12-23,False,True,2022-01-19,Luxembourg
8629097,1993-08-08,True,True,2021-09-15,Czechia
7470514,1972-02-02,False,True,2022-06-13,France
6258397,1971-02-21,True,True,2024-02-04,Spain
1721070,1973-06-23,True,False,2018-09-25,Austria
8876418,1963-10-09,True,False,2019-06-27,Denmark
6736625,1983-01-28,True,True,2014-08-19,Hungary
9731868,1984-06-10,False,True,2014-12-04,Belgium
2131420,1983-05-27,False,True,2023-12-21,Netherlands
1779975,1985-04-25,False,False,2022-07-19,Portugal
7874538,1976-05-01,True,True,2014-09-17,Switzerland
8189049,1978-12-14,False,True,2020-09-10,Croatia
1623385,1960-09-20,False,True,2015-02-13,Monaco
9166317,1977-10-19,False,True,2018-12-27,Slovakia
9356974,1983-01-27,True,True,2014-10-20,Greece
2211885,1960-05-25,False,True,2022-07-29,Poland
4293303,1992-03-18,False,False,2024-06-06,Latvia
4009296,1961-11-27,True,False,2023-03-02,Ukraine
1188873,1977-01-25,False,False,2019-08-03,Poland
5625533,1998-05-21,False,False,2017-09-17,Switzerland
6579733,1961-12-30,True,False,2017-07-04,Iceland
4925600,1969-07-07,True,False,2015-05-28,Portugal
8760917,1985-09-23,True,False,2023-12-13,Greece
5955527,1995-11-27,True,False,2017-12-26,UK
6802836,1994-12-24,False,True,2019-05-11,Slovenia
9194729,1976-11-24,True,False,2024-06-19,North Macedonia
3159933,1960-03-27,True,True,2019-09-18,Lituania
7934355,1981-02-11,True,True,2023-06-15,Serbia
7812884,1990-08-16,False,False,2016-01-25,Andorra
5361042,1967-03-11,False,False,2014-03-28,Greece
7408498,1994-01-10,False,False,2014-03-29,Bulgaria
8805865,1971-02-04,True,False,2015-08-20,Romania
1810265,1993-02-09,False,True,2017-05-10,Hungary
9045764,1986-03-16,False,True,2019-11-06,Czechia
7771209,1968-11-26,False,False,2020-07-31,Latvia
1440698,1984-08-05,True,False,2019-05-12,Belgium
1276017,1981-06-10,True,False,2018-03-22,Andorra
3312830,1965-06-10,False,True,2016-11-25,Moldova (the Republic of)
2949554,1987-03-07,True,False,2023-02-05,Slovenia
5635346,1961-01-03,True,True,2018-06-20,Italy
2896638,1991-09-08,True,False,2018-10-05,Bosnia and Herzegovina
6337683,1963-01-09,True,True,2017-03-19,Moldova (the Republic of)
4554897,1982-06-18,False,False,2023-01-02,Hungary
3348647,1995-02-14,True,True,2015-02-15,Estonia
4438809,1963-02-06,True,False,2016-04-26,Croatia
492947,1960-11-24,False,False,2023-05-14,Czechia
2653396,1968-04-13,True,True,2021-10-07,Estonia
5302216,1960-02-21,True,True,2016-09-05,Lituania
1673533,1975-09-27,False,True,2024-03-25,Albania
759060,1986-10-07,False,True,2023-02-02,North Macedonia
934321,1972-07-02,True,True,2019-06-06,Norway
4367987,1973-02-25,True,False,2018-05-24,Czechia
7113431,1992-09-08,False,True,2024-04-19,Monaco
5422109,1965-03-22,False,True,2022-07-20,North Macedonia
5703510,1977-12-28,False,True,2016-02-10,Hungary
5166133,1973-04-20,False,False,2015-12-03,Belgium
9938194,1973-06-10,False,False,2019-03-11,Switzerland
7276916,1987-12-28,True,True,2014-05-19,Ukraine
9676129,1991-01-14,False,True,2014-10-16,Romania
2789438,1964-01-04,False,False,2014-10-13,Estonia
6304015,1977-12-16,False,True,2019-09-13,Moldova (the Republic of)
6619628,1969-12-05,False,True,2014-10-22,Romania
148508,1959-09-13,True,False,2024-01-02,Belgium
4850187,1978-01-08,False,False,2016-07-24,Latvia
9971203,1980-02-09,False,True,2017-11-25,Sweden
4759732,1977-01-12,True,False,2015-07-06,Luxembourg
5312057,1998-05-23,True,True,2018-07-09,Lituania
4174867,1999-02-11,True,True,2021-02-22,Austria
2618655,1981-09-28,False,False,2014-05-18,Lituania
3259778,1989-05-14,False,False,2016-03-11,Cyprus
7599211,1968-08-23,False,True,2015-06-16,Bosnia and Herzegovina
7466358,1999-01-13,True,True,2019-05-09,France
7004568,1970-04-24,False,True,2018-10-24,Latvia
8419518,1971-09-28,True,False,2014-11-12,Sweden
5643799,1979-07-12,True,True,2017-06-10,Romania
8776238,1982-12-12,True,False,2017-10-27,Ireland
4509016,1979-12-11,False,True,2022-05-23,Iceland
7299239,1965-06-04,True,False,2014-10-24,Iceland
6572933,1961-06-12,False,True,2020-06-19,Hungary
4356377,1962-09-05,True,False,2014-12-27,Czechia
9637595,1994-03-28,False,False,2014-10-09,Ireland
8280385,1992-05-26,True,False,2020-04-14,Poland
5287243,1960-09-18,True,False,2021-09-18,Monaco
4155566,1974-09-03,False,False,2022-02-12,Ireland
4801692,1990-12-10,False,False,2021-02-07,Latvia
2647510,1973-03-24,False,False,2014-04-19,Czechia
2749993,1979-06-30,False,True,2022-02-21,Italy
6892855,1988-04-30,True,False,2021-06-10,Italy
2644586,1969-07-10,True,False,2018-07-04,Ireland
577840,1967-06-04,True,False,2021-04-30,Slovenia
3901675,1990-11-09,False,True,2014-03-19,Poland
9668810,1991-04-06,True,True,2021-08-21,Bosnia and Herzegovina
9146369,1981-02-17,True,False,2023-11-28,Slovenia
5936578,1993-01-14,True,True,2020-05-18,Latvia
9124289,1979-06-07,True,False,2018-07-06,Spain
3460623,1981-03-02,True,True,2022-07-06,Bosnia and Herzegovina
7215840,1979-09-12,False,True,2022-01-03,Finland
7453598,1963-12-13,True,True,2018-08-02,Austria
406106,1986-10-17,True,False,2022-02-12,North Macedonia
9225432,1976-04-07,False,True,2021-07-11,Belgium
6784169,1998-11-29,False,True,2020-08-28,Ukraine
1160728,1998-05-29,True,True,2018-10-11,Denmark
1058367,1962-03-12,False,False,2020-05-25,Austria
1188077,1986-05-17,True,True,2023-05-15,Ukraine
4100344,1961-11-25,True,True,2016-07-22,Ireland
6394306,1990-10-12,False,False,2015-08-24,Moldova (the Republic of)
8144523,1981-07-09,True,True,2021-03-21,Ireland
6370383,1986-09-15,False,False,2015-06-01,Czechia
3984445,1973-03-01,False,True,2022-12-17,Lituania
5078872,1989-10-20,False,True,2024-10-24,Slovenia
8609301,1996-07-09,True,False,2022-02-26,Liechtenstein
5490760,1967-04-24,True,True,2024-04-28,Portugal
8713286,1970-10-10,False,True,2017-04-23,Hungary
8696847,1993-12-15,False,False,2014-06-26,Austria
7582473,1969-08-01,True,True,2021-04-25,Belgium
1077824,1965-06-11,True,False,2020-06-29,Poland
5079109,1964-08-08,True,False,2023-04-04,Moldova (the Republic of)
438168,1979-11-02,False,False,2016-10-30,Spain
8406477,1961-08-15,True,True,2017-05-12,Luxembourg
3029751,1989-02-06,False,True,2019-03-10,Poland
2395844,1979-05-17,False,False,2024-06-23,Romania
2464022,1976-10-05,True,False,2014-10-11,Slovenia
6298971,1969-02-15,True,True,2019-08-10,Denmark
7185125,1965-09-13,False,False,2023-12-25,Poland
2970639,1969-04-21,True,False,2024-10-16,Serbia
8850594,1975-12-20,False,False,2019-08-03,Norway
2297605,1980-04-12,True,True,2020-11-10,Belgium
5056332,1973-06-30,True,False,2016-04-16,Italy
1573410,1979-10-30,False,False,2015-05-02,Lituania
8195568,1969-10-26,False,True,2016-12-27,Bosnia and Herzegovina
9070584,1980-10-28,True,False,2022-12-25,Montenegro
5634722,1973-10-22,True,True,2022-01-14,Hungary
2240690,1961-01-06,False,False,2024-12-19,Bulgaria
4479966,1991-10-12,True,True,2024-07-09,Sweden
7230284,1993-12-15,False,True,2020-04-11,Greece
7918872,1980-11-02,False,False,2022-08-01,Sweden
4677044,1962-10-02,False,False,2019-09-04,Romania
5292726,1960-02-20,True,False,2024-12-27,Montenegro
2810324,1999-05-18,False,True,2018-01-20,Slovenia
1106114,1991-06-04,False,True,2023-02-01,Monaco
7369318,1986-08-22,False,False,2014-06-04,Liechtenstein
3863542,1967-02-19,True,True,2018-02-17,Greece
7421843,1974-07-27,False,False,2016-03-10,Lituania
4190119,1964-10-07,False,True,2022-08-12,Sweden
1120990,1993-02-19,True,True,2015-01-29,Croatia
4473642,1977-05-09,True,False,2015-05-07,Estonia
2620118,1999-05-31,True,True,2024-09-16,UK
9418541,1979-05-21,True,True,2024-11-22,UK
4600093,1976-03-24,False,True,2020-11-23,Switzerland
2430535,1970-05-29,False,True,2014-05-15,Austria
6611333,1990-04-03,True,True,2021-03-29,France
3655215,1984-07-20,True,True,2021-02-25,Switzerland
3373633,1991-07-23,False,True,2014-12-19,Denmark
9402582,1963-11-23,False,False,2019-04-01,France
8764590,1964-09-14,False,False,2023-10-27,North Macedonia
2452436,1979-08-16,True,True,2018-07-18,Luxembourg
3557751,1980-08-22,True,True,2020-04-19,Latvia
5748140,1974-12-26,False,True,2023-06-09,Slovenia
6931809,1972-10-08,True,True,2019-10-17,Moldova (the Republic of)
31042,1967-01-06,False,False,2014-05-25,Serbia
8697915,1960-06-03,False,False,2019-06-09,Austria
5809673,1992-09-14,True,True,2020-03-05,Ireland
3209620,1985-04-27,False,False,2014-08-21,Switzerland
3752180,1962-11-02,True,True,2019-05-22,Switzerland
9283846,1994-12-22,False,False,2019-02-02,Albania
278280,1976-12-06,False,False,2022-12-31,Moldova (the Republic of)
296222,1976-03-11,True,True,2020-06-17,Serbia
6092998,1969-11-30,True,True,2022-01-21,Liechtenstein
7386467,1982-10-12,False,True,2016-07-23,North Macedonia
3966239,1966-04-19,False,True,2020-09-27,Norway
185733,1970-12-05,True,False,2024-02-21,Denmark
6951730,1993-10-23,True,True,2014-01-18,Slovakia
7085851,1980-07-31,True,True,2016-06-27,Austria
8334766,1996-05-03,True,True,2014-03-05,Bulgaria
7075294,1990-12-10,False,False,2018-03-25,Austria
5564171,1984-02-05,False,True,2016-12-12,Slovakia
9779447,1963-03-27,False,False,2024-02-10,Hungary
8699597,1982-08-09,True,False,2020-02-06,Moldova (the Republic of)
4182758,1977-12-14,False,False,2024-02-29,Monaco
9845838,1972-05-08,False,True,2019-10-23,Slovenia
9666728,1971-07-03,True,True,2018-08-07,Slovenia
9456034,1990-12-29,False,False,2021-11-27,Liechtenstein
8134084,1991-04-05,True,False,2019-04-16,Andorra
5125048,1971-01-04,True,False,2022-08-05,Estonia
7866138,1991-01-09,False,False,2015-11-18,Sweden
9912052,1965-01-03,True,False,2020-03-10,Montenegro
286316,1966-06-09,False,True,2024-01-09,Spain
338727,1960-08-15,False,True,2024-09-01,UK
4900327,1985-04-01,False,True,2023-06-20,Malta
9508953,1992-09-05,True,True,2024-05-24,Norway
2070566,1960-06-16,False,False,2020-02-09,Serbia
7588614,1997-01-23,True,True,2019-01-03,France
9596250,1973-02-05,True,False,2023-03-07,Spain
4108393,1966-08-18,False,False,2020-08-05,Monaco
6630765,1973-06-21,True,False,2014-01-20,Cyprus
7032363,1992-03-18,False,False,2023-07-30,Portugal
3512813,1963-02-04,False,True,2019-04-01,Norway
706346,1993-09-21,True,False,2021-10-12,Poland
7236243,1982-02-26,False,True,2024-12-26,Croatia
6570521,1998-05-29,False,True,2021-09-06,Lituania
1871046,1989-09-30,True,True,2021-05-06,Spain
6922589,1994-06-24,True,True,2019-02-14,North Macedonia
2986151,1977-05-22,True,False,2021-09-15,Slovakia
2920988,1971-02-26,True,False,2021-12-24,Andorra
1213924,1982-09-21,True,False,2015-04-29,Finland
6181826,1983-11-04,True,True,2019-11-10,Norway
2861254,1982-12-31,True,True,2018-12-16,Luxembourg
3851498,1967-10-03,False,False,2015-07-05,Croatia
1061483,1983-12-28,False,True,2015-07-12,Ukraine
8600788,1959-08-27,False,True,2024-08-27,Malta
6374161,1964-06-23,True,True,2022-02-09,Bulgaria
554177,1979-07-09,False,False,2020-11-24,Netherlands
2130886,1976-10-07,True,False,2023-11-15,Slovenia
4500225,1959-01-04,False,False,2017-10-25,France
8418779,1983-04-25,True,True,2016-01-08,Poland
482652,1997-10-16,False,True,2019-07-20,Portugal
5789548,1967-07-10,False,True,2014-07-17,Cyprus
8529778,1985-10-04,False,True,2016-10-31,Czechia
1005665,1972-09-21,False,False,2019-12-10,Netherlands
4608189,1985-04-08,False,True,2021-05-13,Austria
8685950,1994-02-20,True,False,2016-08-07,Portugal
296699,1994-04-27,False,True,2022-10-05,Albania
758058,1985-03-01,False,False,2019-05-09,Croatia
6904838,1975-12-18,False,False,2015-03-08,Latvia
8073680,1977-11-21,False,True,2023-09-06,Serbia
510377,1990-07-07,True,False,2024-05-10,Romania
4837608,1961-08-18,True,False,2022-12-29,Serbia
3063307,1985-04-06,False,True,2017-01-20,Austria
3870499,1984-11-24,False,True,2016-10-03,Rusia
8220445,1963-08-20,False,False,2018-03-21,Czechia
9665302,1988-01-30,False,False,2020-08-09,Montenegro
1036572,1969-10-06,False,True,2022-11-10,Bosnia and Herzegovina
4942620,1996-01-07,False,False,2014-10-17,Estonia
4083487,1993-03-25,True,True,2018-07-20,Malta
7476568,1977-11-16,False,True,2023-06-22,Portugal
7700278,1988-07-13,False,True,2024-07-12,Germany
2937120,1980-12-23,True,False,2020-01-07,Latvia
4418249,1985-10-06,False,False,2021-04-28,Liechtenstein
2705030,1985-08-30,True,False,2014-02-22,Ukraine
7003335,1986-12-27,False,False,2018-02-26,Romania
5229772,1994-07-23,False,False,2021-05-20,Monaco
8761686,1998-01-08,False,False,2017-12-30,Spain
159976,1999-11-27,True,True,2015-10-09,Finland
4901173,1979-08-06,True,False,2014-04-30,Italy
5470579,1960-01-18,True,True,2017-04-19,Ireland
9978267,1974-03-26,False,True,2014-12-27,Denmark
3440968,1960-10-19,True,False,2016-08-31,Croatia
3112874,1978-01-05,True,True,2022-10-27,Italy
545356,1979-10-18,False,True,2024-06-02,Cyprus
5156521,1959-07-08,False,True,2016-04-10,Cyprus
8383637,1960-10-20,False,True,2018-03-06,Italy
302818,1990-02-03,False,True,2021-12-06,Croatia
7126727,1974-04-01,True,False,2019-12-04,Albania
2725178,1967-08-02,False,True,2021-11-10,Ukraine
7293922,1997-07-06,False,False,2021-05-22,North Macedonia
5688382,1971-10-24,False,False,2018-11-16,Montenegro
4812126,1965-02-03,False,True,2022-07-03,Moldova (the Republic of)
1577784,1961-05-31,True,False,2022-03-02,Netherlands
1341670,1962-11-17,False,True,2016-02-28,Estonia
9680053,1968-05-02,False,True,2022-01-09,Portugal
7029476,1970-05-22,False,True,2023-06-27,France
9560536,1999-05-16,False,True,2023-05-01,Iceland
5627210,1965-11-26,False,True,2023-04-23,Greece
8849499,1970-08-19,True,False,2020-01-31,Liechtenstein
637734,1959-10-10,False,False,2024-10-01,Switzerland
6850399,1995-11-29,False,True,2022-07-08,Lituania
7419201,1993-07-21,False,False,2024-11-21,Albania
8796673,1964-04-12,True,True,2018-02-07,Luxembourg
3064841,1987-05-07,False,True,2021-12-27,Ukraine
6809046,1979-01-05,True,True,2018-04-16,Croatia
1789246,1993-12-03,True,False,2023-06-22,Cyprus
9319052,1991-11-07,True,False,2017-04-06,France
8683163,1997-10-24,True,True,2021-07-16,Serbia
5556839,1977-12-26,False,True,2023-01-30,Sweden
9858952,1972-08-25,True,True,2023-05-03,Ukraine
8693069,1982-05-29,False,True,2014-03-24,Czechia
8993941,1985-07-02,False,True,2014-11-26,Monaco
3189661,1967-01-24,True,False,2024-06-23,France
8685785,1972-05-25,False,True,2015-12-30,Bulgaria
1681607,1985-05-05,False,True,2022-10-20,Germany
6650386,1965-03-28,True,False,2016-04-12,Liechtenstein
1506266,1988-02-24,True,False,2020-10-08,Croatia
5334206,1978-06-06,False,False,2022-11-01,Bosnia and Herzegovina
8604547,1980-06-12,False,True,2024-08-02,Serbia
2103933,1970-11-29,True,True,2021-03-06,Ireland
1215774,1975-05-02,True,True,2020-01-02,Slovenia
5542368,1965-03-27,False,True,2014-12-25,Monaco
8085377,1982-04-28,True,True,2020-02-13,Lituania
4396998,1997-02-02,True,False,2021-12-09,Bulgaria
1280894,1970-08-15,False,True,2018-05-10,Luxembourg
1069324,1982-11-02,False,True,2018-11-13,Monaco
7560811,1975-10-30,False,False,2024-09-16,Romania
176350,1986-04-07,False,True,2022-11-03,Monaco
5921552,1988-06-22,False,True,2019-04-14,Andorra
609686,1976-02-17,False,False,2018-04-05,Croatia
9943490,1982-12-01,False,True,2018-12-06,Monaco
3628853,1970-03-06,True,False,2018-06-12,Sweden
1810544,1972-12-24,True,False,2020-10-18,Belgium
7481241,1986-11-10,False,False,2016-06-28,Luxembourg
9253166,1968-09-27,False,True,2019-08-12,Italy
3004802,1972-10-29,True,False,2020-11-03,Lituania
9620026,1967-01-24,True,True,2023-09-11,Albania
696186,1967-04-29,True,True,2021-08-08,Rusia
4476873,1982-06-03,True,False,2024-12-13,Belgium
8426432,1961-10-13,True,True,2021-07-14,Monaco
9723319,1997-03-15,True,False,2018-10-27,Latvia
6711864,1994-04-08,False,True,2017-07-15,Montenegro
5208150,1994-06-08,False,True,2024-05-16,Belgium
9699982,1982-05-25,True,True,2019-09-23,Serbia
541716,1992-06-18,False,False,2018-11-19,Finland
9610330,1961-12-27,False,True,2016-02-09,Ukraine
5660743,1997-10-08,True,False,2018-11-23,Germany
9101897,1969-02-18,True,True,2014-10-04,Malta
5750047,1959-09-13,False,False,2020-02-02,Sweden
3565467,1996-05-21,False,True,2017-01-20,Monaco
1474431,1972-01-08,True,False,2024-08-11,Bosnia and Herzegovina
8700627,1997-08-31,False,False,2022-11-20,Greece
4090149,1995-06-08,True,True,2019-06-12,Lituania
1651236,1994-03-25,False,True,2024-04-08,Andorra
5029260,1991-11-30,True,False,2015-01-21,Netherlands
282191,1982-08-08,False,False,2020-07-27,Switzerland
1145953,1963-04-10,True,True,2021-11-21,Bosnia and Herzegovina
1411458,1986-11-20,False,True,2015-03-06,Norway
468434,1970-12-28,False,False,2023-03-09,France
4992990,1998-05-08,False,False,2016-06-02,Austria
9354615,1974-01-17,False,False,2021-08-18,Lituania
5795646,1965-03-09,True,True,2023-04-19,Liechtenstein
7233962,1991-12-04,True,True,2017-10-03,Serbia
302834,1972-03-20,True,True,2014-05-03,Albania
6557811,1964-03-10,True,False,2023-07-05,Portugal
7645586,1987-03-25,False,True,2020-07-04,Spain
1469209,1974-04-16,False,False,2018-05-14,Hungary
3659096,1971-12-30,True,False,2021-03-27,Monaco
1320456,1974-04-27,True,False,2023-03-30,North Macedonia
5845656,1975-07-02,True,False,2017-05-10,Estonia
5615088,1997-08-06,True,False,2023-05-27,Sweden
5918634,1961-01-14,False,True,2018-04-06,Liechtenstein
6513848,1996-01-15,False,True,2023-01-12,Croatia
5956920,1998-06-13,False,False,2020-06-18,Norway
1594422,1980-05-09,False,True,2024-10-05,North Macedonia
524108,1998-09-22,True,True,2020-10-09,Malta
2168489,1995-05-03,False,True,2015-06-07,Poland
2242293,1963-05-02,False,True,2022-05-09,Norway
7569296,1987-07-11,True,True,2018-12-21,Belgium
6011672,1965-02-06,True,True,2023-09-13,Slovakia
2112765,1980-06-11,True,False,2020-05-05,Portugal
1617829,1980-01-31,False,True,2021-06-25,Croatia
1035490,1965-08-31,True,False,2022-10-09,Hungary
4466877,1977-04-16,True,True,2020-01-20,Netherlands
9540971,1979-09-09,False,True,2017-01-19,Hungary
2659754,1971-02-20,False,True,2022-03-18,UK
530301,1959-05-19,True,True,2019-05-30,Slovakia
5699619,1999-08-16,True,True,2018-07-27,Latvia
9399052,1974-01-19,False,False,2019-12-02,UK
8283573,1998-12-19,False,False,2018-01-08,Lituania
1379349,1963-04-11,False,True,2018-09-07,Slovakia
8441274,1980-11-13,False,True,2022-11-05,Portugal
7304693,1998-07-22,True,True,2020-05-16,Hungary
6041007,1981-11-12,True,False,2020-06-10,North Macedonia
300806,1974-07-18,False,True,2014-06-13,Ukraine
7054388,1961-02-11,True,False,2020-09-30,Bulgaria
5282682,1977-03-15,False,False,2018-03-24,Greece
3220871,1959-01-15,True,True,2014-07-01,Slovenia
9088422,1999-02-22,True,True,2015-09-24,Portugal
2784190,1967-04-29,False,True,2022-06-29,Sweden
9638228,1974-10-23,False,True,2015-05-24,France
3846340,1976-03-14,True,True,2015-12-08,Liechtenstein
7103258,1962-05-11,False,False,2021-09-22,Portugal
2872735,1998-03-18,False,False,2020-01-15,Czechia
7256771,1989-08-03,False,False,2017-08-21,Moldova (the Republic of)
8381122,1991-07-25,True,False,2024-12-26,Estonia
2342971,1995-02-09,True,False,2015-11-10,Andorra
6364478,1971-09-22,False,True,2014-09-25,North Macedonia
8403385,1982-01-11,False,False,2018-02-27,Slovakia
7987099,1999-04-25,False,False,2016-03-13,Ukraine
9658899,1980-08-24,True,True,2014-05-29,Ukraine
6468971,1981-02-23,True,False,2015-08-05,Andorra
5120091,1976-01-13,True,True,2024-09-20,Netherlands
9562555,1990-10-09,True,False,2018-06-08,Serbia
4645103,1964-07-10,False,False,2022-12-23,North Macedonia
4357839,1974-02-06,False,False,2018-08-06,Sweden
2397639,1972-06-20,False,False,2018-05-25,Moldova (the Republic of)
6002533,1965-05-03,True,False,2014-01-17,Romania
2205193,1981-06-24,False,False,2018-06-11,Switzerland
4382658,1965-03-13,False,True,2024-10-10,Germany
5225839,1988-01-08,True,False,2017-10-17,UK
4175582,1995-10-08,True,True,2017-12-19,Slovenia
4954122,1982-02-19,True,False,2016-11-07,Greece
2813277,1999-05-03,True,False,2019-05-24,Slovakia
2600168,1963-03-22,False,False,2016-12-08,Cyprus
9745981,1985-03-28,True,True,2020-04-23,Greece
7641289,1978-04-10,True,True,2024-02-27,Finland
982404,1990-10-15,False,True,2015-09-14,Finland
4385489,1981-10-29,False,True,2024-09-05,Ukraine
7038627,1977-08-21,False,False,2024-10-01,Ireland
6185800,1971-08-22,True,True,2021-07-13,Malta
835237,1990-10-19,True,False,2014-05-29,Spain
5834890,1991-07-15,False,False,2021-07-14,Germany
147179,1982-10-30,True,True,2016-02-02,Czechia
8504128,1998-01-04,True,True,2022-01-03,Italy
628261,1993-05-27,True,False,2018-04-15,Iceland
3309794,1971-12-29,True,False,2021-11-27,Albania
5142692,1990-08-22,False,False,2018-04-18,Liechtenstein
3179455,1962-06-18,False,False,2015-08-03,Andorra
7984160,1985-01-08,False,True,2019-07-24,Malta
6506846,1994-07-09,False,True,2018-04-04,Slovenia
4735486,1976-09-20,True,False,2016-03-13,Ukraine
5305397,1970-08-24,False,True,2018-03-24,Czechia
9413557,1985-03-27,False,False,2016-09-11,Netherlands
6449964,1969-09-01,False,False,2016-10-21,Sweden
6973595,1994-09-18,False,False,2018-02-16,Serbia
4577184,1994-07-29,False,True,2019-09-13,Germany
7475830,1990-01-15,False,True,2020-07-26,Finland
8707291,1993-01-18,False,False,2021-11-29,Lituania
943055,1977-07-11,False,False,2019-05-13,Germany
5612284,1980-04-24,True,True,2019-10-30,Hungary
4311053,1996-04-02,True,True,2015-12-20,Austria
3271179,1992-11-14,False,False,2022-09-18,Bosnia and Herzegovina
5289998,1972-08-01,True,True,2023-07-26,Luxembourg
1590321,1970-12-02,True,True,2018-05-21,Liechtenstein
6760915,1996-01-13,True,True,2019-10-19,Netherlands
6125262,1964-11-16,True,True,2017-08-23,Sweden
6117010,1990-12-02,True,True,2023-12-02,Norway
7165220,1967-05-17,False,True,2020-02-10,Monaco
4974037,1987-04-26,False,False,2021-06-03,Finland
6522914,1961-05-12,False,False,2022-10-09,Poland
6854786,1990-04-24,True,True,2021-08-13,Hungary
4727980,1974-09-06,False,True,2022-09-12,Austria
4310697,1998-03-19,True,True,2022-12-06,Finland
2843799,1983-05-29,False,True,2024-11-04,Romania
7621768,1999-08-23,False,False,2016-11-13,Poland
9535276,1984-05-24,True,False,2015-02-09,Poland
6022201,1988-01-29,True,False,2014-04-27,Switzerland
3370643,1990-11-30,False,True,2021-10-24,Malta
8529991,1971-12-08,False,False,2017-06-28,Czechia
3071405,1977-09-30,False,True,2024-01-11,Switzerland
1043816,1969-01-16,False,False,2023-12-03,Poland
6326185,1979-10-13,True,False,2017-04-15,Lituania
9529239,1959-06-07,False,True,2022-12-23,Rusia
7620738,1973-05-29,False,True,2015-09-17,Rusia
9829095,1996-04-04,False,False,2022-03-23,Estonia
2225147,1988-09-09,False,False,2021-01-26,Slovakia
3976964,1997-01-09,True,True,2023-02-12,Portugal
6300681,1993-08-21,True,True,2021-12-20,Portugal
5108112,1997-06-15,True,True,2020-01-15,Switzerland
6241531,1981-04-11,False,True,2023-05-02,North Macedonia
6896238,1974-10-11,True,False,2022-12-27,Iceland
4262800,1962-08-17,False,True,2021-01-26,Germany
3747287,1967-01-04,False,False,2017-12-17,Moldova (the Republic of)
5477937,1986-11-13,True,True,2023-05-31,Bosnia and Herzegovina
9315523,1992-03-28,False,True,2019-01-17,Greece
7415611,1993-12-22,False,True,2016-09-10,Germany
5264321,1997-11-24,False,True,2021-10-06,Bulgaria
2078141,1985-02-08,True,False,2017-11-10,Iceland
2781622,1987-05-21,True,True,2014-08-16,Hungary
9397463,1960-11-19,True,True,2021-05-01,France
4209635,1976-11-27,False,False,2017-04-12,Netherlands
2957619,1987-06-10,True,False,2020-06-06,Slovenia
6784864,1978-10-25,False,True,2020-03-06,Luxembourg
7541853,1969-01-22,True,False,2021-01-29,Spain
4368893,1962-10-01,True,True,2015-08-11,Monaco
4642469,1964-11-09,False,False,2017-06-12,Netherlands
7560741,1993-06-29,True,True,2021-08-04,Bosnia and Herzegovina
1524938,1974-04-26,True,True,2014-07-02,Czechia
2752981,1989-07-04,False,False,2018-02-20,Hungary
8770702,1983-01-29,True,False,2020-09-29,Slovakia
7645248,1988-08-21,True,True,2020-10-19,Sweden
8225240,1998-09-07,False,True,2015-02-20,Belgium
802734,1974-06-19,True,True,2022-01-27,Slovakia
973140,1997-10-19,True,False,2020-12-05,Liechtenstein
5049524,1963-03-19,False,False,2014-04-09,Norway
3554945,1987-10-01,False,True,2022-08-04,Albania
6358352,1987-03-08,False,True,2016-06-12,Czechia
2225455,1971-09-01,False,True,2023-04-03,Sweden
6898794,1985-05-29,False,False,2023-09-19,Monaco
9718395,1984-08-24,False,False,2021-08-13,Czechia
1194347,1983-03-25,True,False,2014-07-20,Moldova (the Republic of)
3176484,1997-12-27,False,False,2024-02-08,Croatia
2561874,1985-04-25,False,True,2015-04-22,Greece
4857864,1960-11-10,True,False,2024-01-11,Hungary
6256069,1963-06-15,False,False,2014-12-02,Hungary
4890407,1966-04-23,False,False,2016-01-10,Liechtenstein
3031171,1968-01-08,False,True,2019-07-07,North Macedonia
9720819,1973-11-01,False,True,2019-11-08,Lituania
9036544,1981-10-11,False,False,2024-04-29,Norway
7310682,1990-12-15,True,True,2022-12-15,Slovenia
7878803,1962-02-11,False,False,2014-12-04,Belgium
878020,1981-06-24,True,False,2024-05-24,Albania
4055543,1996-07-23,False,False,2019-12-13,Montenegro
9660365,1979-07-29,True,False,2016-11-29,Cyprus
9709078,1987-03-23,False,False,2017-01-12,Netherlands
8010619,1992-08-08,False,True,2016-06-15,Italy
6559345,1960-12-21,True,True,2014-08-19,Denmark
1610363,1980-10-01,True,True,2018-03-17,Sweden
2666422,1995-06-03,False,True,2015-04-07,Bosnia and Herzegovina
907995,1983-01-21,True,False,2018-06-03,Montenegro
1927412,1974-01-14,False,False,2020-06-21,Hungary
1635053,1989-03-26,True,False,2024-05-23,Switzerland
2459087,1991-02-15,True,False,2022-08-05,Slovakia
2175299,1959-12-15,True,True,2015-07-14,North Macedonia
2081358,1969-09-22,False,False,2017-01-05,Hungary
7905168,1990-08-15,False,True,2014-06-06,Croatia
6214015,1960-11-08,True,False,2017-11-07,Serbia
1766988,1982-09-24,True,True,2017-11-05,Rusia
9434426,1996-02-05,True,True,2016-10-19,North Macedonia
352765,1990-11-24,True,False,2021-11-07,Ireland
1363786,1981-08-14,False,True,2023-05-01,Hungary
3456209,1983-02-26,False,True,2024-05-01,Croatia
2262791,1978-05-03,True,True,2019-02-03,Austria
5261407,1959-08-25,False,True,2017-11-12,Greece
6353725,1983-04-28,False,True,2018-04-28,Malta
4301349,1963-08-27,False,True,2020-06-03,Estonia
7110042,1990-02-07,False,False,2021-04-11,Denmark
4942407,1996-05-07,False,False,2024-09-04,UK
6033821,1994-09-21,True,True,2023-07-30,Andorra
7534698,1995-11-17,False,False,2014-08-13,Netherlands
3865461,1970-02-22,False,False,2022-10-11,Spain
1070582,1985-01-19,False,True,2022-10-25,Andorra
5262536,1985-01-16,True,True,2017-11-25,Ukraine
805560,1987-07-17,False,False,2024-02-21,Andorra
3440551,1959-11-11,False,True,2022-01-13,Malta
5044775,1960-02-21,False,False,2021-09-19,UK
6737904,1967-10-23,False,True,2019-01-22,Czechia
8867880,1971-08-31,True,False,2015-02-25,Poland
6290468,1980-05-11,True,True,2023-12-28,Serbia
8819867,1975-12-31,False,True,2018-02-21,Slovenia
8285157,1965-04-15,False,False,2022-08-18,Portugal
5118801,1999-02-22,True,False,2015-07-30,Albania
4307915,1964-07-13,True,False,2016-10-16,Romania
2789940,1974-09-15,True,True,2019-02-20,Czechia
3105197,1976-08-01,True,False,2022-06-25,Serbia
5323608,1969-03-21,False,True,2018-06-03,Denmark
349928,1975-12-11,True,True,2017-01-14,Poland
662041,1981-09-21,False,True,2014-03-10,UK
5752142,1989-07-03,False,False,2019-03-06,Hungary
8608819,1994-09-12,False,True,2018-09-27,Italy
5512718,1964-06-05,True,True,2016-08-31,Serbia
6056545,1967-08-21,False,True,2014-01-24,Switzerland
7628104,1969-08-07,True,False,2022-10-21,Greece
2063746,1985-03-01,True,False,2014-04-07,Estonia
7337288,1988-11-03,False,True,2016-05-12,Ireland
1359283,1990-02-05,False,True,2022-08-02,Malta
4946212,1960-12-23,False,True,2020-01-21,Norway
7003431,1982-07-16,False,False,2024-10-12,UK
8715139,1991-05-24,False,False,2014-09-23,Iceland
1773920,1975-03-15,True,True,2024-02-09,Finland
5430555,1969-10-26,False,True,2017-01-27,Czechia
2288424,1999-04-23,True,False,2021-06-24,Slovakia
6598793,1969-12-20,True,True,2023-12-17,Sweden
4502641,1971-03-17,False,True,2021-01-03,Lituania
8084579,1969-07-19,True,False,2017-12-05,Rusia
719007,1984-12-22,False,True,2021-09-09,Liechtenstein
6318221,1959-05-19,False,True,2017-07-19,Andorra
112403,1980-04-15,True,True,2020-09-21,Liechtenstein
6819426,1993-02-24,False,True,2023-07-29,Cyprus
459752,1962-04-19,False,True,2023-08-20,Switzerland
3723763,1986-04-22,True,False,2014-03-25,Norway
8887505,1977-04-14,True,False,2020-07-21,Germany
9465050,1997-08-12,False,False,2021-12-11,Rusia
9319502,1990-11-14,False,True,2015-02-22,Bosnia and Herzegovina
1065126,1994-09-10,True,False,2024-07-30,UK
9773893,1997-08-21,True,False,2023-12-28,Rusia
1060708,1983-05-08,False,True,2017-11-03,Estonia
8708881,1965-11-09,False,False,2017-06-25,Belgium
6247004,1972-07-31,False,True,2020-12-19,UK
6105753,1975-02-24,False,True,2023-12-04,North Macedonia
8210153,1983-10-04,False,False,2016-04-03,Croatia
685620,1967-02-20,True,False,2019-08-18,Austria
1004709,1996-08-25,False,True,2016-12-16,Monaco
4090,1994-11-06,True,False,2015-04-26,Finland
324558,1995-08-29,False,False,2020-10-10,Italy
9000942,1984-03-27,True,False,2020-01-08,Czechia
3693141,1995-04-21,False,False,2022-02-26,Bosnia and Herzegovina
9887883,1986-01-11,False,False,2014-03-07,North Macedonia
2019555,1975-09-08,False,True,2016-05-22,Ukraine
6457311,1967-02-19,False,True,2018-11-24,North Macedonia
4662205,1994-05-23,False,True,2014-06-12,Bulgaria
8494239,1960-08-24,True,True,2020-08-07,Romania
9317473,1996-08-22,True,False,2014-04-08,Luxembourg
3892373,1991-10-03,True,True,2019-04-06,Czechia
4279565,1983-04-23,True,True,2017-12-26,North Macedonia
5002137,1979-04-11,False,True,2018-12-26,Italy
1059496,1986-09-07,True,False,2014-10-01,Austria
1269541,1974-07-03,False,True,2015-01-27,Serbia
4884337,1968-11-28,True,False,2023-05-04,Switzerland
5585219,1974-02-24,True,False,2014-11-10,Moldova (the Republic of)
5736288,1969-06-19,False,True,2019-05-28,Romania
7115913,1977-03-06,False,False,2024-10-08,Norway
7972012,1987-11-12,True,False,2018-12-30,Portugal
628334,1962-09-04,True,True,2017-12-23,Sweden
7655859,1976-07-27,False,True,2014-09-03,Switzerland
6992869,1976-06-19,True,True,2024-05-01,Albania
9067904,1971-06-21,True,False,2022-03-16,Bulgaria
5463937,1981-12-22,True,False,2023-05-17,Netherlands
3552582,1978-06-16,False,True,2015-12-21,Rusia
3490972,1989-09-15,False,True,2020-12-23,Finland
3352907,1997-06-12,False,False,2017-12-28,Slovenia
4571864,1996-02-12,True,True,2017-06-24,Ukraine
205546,1975-09-19,True,False,2017-04-05,Croatia
6901473,1973-10-07,True,True,2019-03-28,Ukraine
8902080,1980-02-13,False,False,2017-04-07,France
512935,1975-09-26,False,False,2015-07-21,Sweden
